{"stats":{"minecraft:used":{"minecraft:netherite_sword":23,"minecraft:chiseled_polished_blackstone":203,"minecraft:water_bucket":2,"minecraft:end_rod":23,"minecraft:dropper":7,"minecraft:lodestone":4,"minecraft:orange_concrete":193,"minecraft:armor_stand":26,"minecraft:red_concrete":1213,"minecraft:redstone":113,"minecraft:carrot_on_a_stick":414,"minecraft:oak_sign":109,"minecraft:ender_pearl":6,"minecraft:chest":16,"minecraft:brown_concrete":85,"minecraft:stone":564,"minecraft:redstone_block":272,"minecraft:player_head":7,"minecraft:structure_block":48,"minecraft:dark_oak_trapdoor":19,"minecraft:diamond_block":74,"minecraft:dirt":675,"minecraft:anvil":3,"minecraft:rail":47,"minecraft:comparator":162,"minecraft:light_blue_concrete":73,"minecraft:tnt":1,"minecraft:crafting_table":1,"minecraft:yellow_concrete":146,"minecraft:acacia_button":18,"minecraft:gray_concrete":9,"minecraft:granite":2,"minecraft:polished_diorite":57,"minecraft:redstone_torch":4,"minecraft:shroomlight":6,"minecraft:crimson_button":9,"minecraft:glass":279,"minecraft:piston":181,"minecraft:green_concrete":20,"minecraft:lever":10,"minecraft:sea_lantern":21,"minecraft:black_concrete":2208,"minecraft:light_gray_stained_glass":13,"minecraft:command_block":711,"minecraft:light_gray_concrete":7,"minecraft:grass_block":2723,"minecraft:barrier":421,"minecraft:stone_button":35,"minecraft:chicken_spawn_egg":16,"minecraft:cyan_concrete":583,"minecraft:oak_pressure_plate":1,"minecraft:dark_oak_button":16,"minecraft:item_frame":338,"minecraft:crimson_sign":2,"minecraft:bedrock":2,"minecraft:chiseled_stone_bricks":106,"minecraft:repeater":500,"minecraft:purple_concrete":2,"minecraft:wooden_sword":2,"minecraft:lime_concrete":12,"minecraft:lapis_block":1,"minecraft:chain_command_block":432,"minecraft:repeating_command_block":264,"minecraft:polished_blackstone_button":2,"minecraft:stone_pressure_plate":44,"minecraft:white_concrete":1585,"minecraft:warped_button":3,"minecraft:polished_blackstone_stairs":158},"minecraft:mined":{"minecraft:dirt":1},"minecraft:picked_up":{"minecraft:chicken":18,"minecraft:barrier":28,"minecraft:feather":14,"minecraft:dark_oak_button":8,"minecraft:redstone_block":1,"minecraft:repeater":1,"minecraft:carrot_on_a_stick":13,"minecraft:filled_map":170,"minecraft:wither_skeleton_skull":576,"minecraft:dirt":409,"minecraft:item_frame":246,"minecraft:compass":1,"minecraft:glass":4,"minecraft:comparator":16,"minecraft:crimson_sign":1,"minecraft:crimson_pressure_plate":3,"minecraft:stone":1345,"minecraft:oak_pressure_plate":1,"minecraft:crimson_button":1,"minecraft:stone_button":3,"minecraft:warped_button":1,"minecraft:carrot":1,"minecraft:redstone":1,"minecraft:stone_pressure_plate":23,"minecraft:command_block":3,"minecraft:slime_ball":5,"minecraft:white_concrete":4,"minecraft:red_concrete":10,"minecraft:ender_pearl":4},"minecraft:custom":{"minecraft:inspect_dropper":37,"minecraft:mob_kills":26,"minecraft:interact_with_anvil":3,"minecraft:interact_with_crafting_table":5,"minecraft:play_one_minute":3177127,"minecraft:leave_game":75,"minecraft:time_since_death":1018066,"minecraft:damage_resisted":512,"minecraft:time_since_rest":1018086,"minecraft:sprint_one_cm":2918277,"minecraft:damage_taken":760,"minecraft:walk_one_cm":2370709,"minecraft:drop":99,"minecraft:damage_dealt":2902,"minecraft:fly_one_cm":18361275,"minecraft:open_chest":17,"minecraft:crouch_one_cm":287185,"minecraft:deaths":2,"minecraft:sneak_time":139004,"minecraft:jump":42916,"minecraft:walk_on_water_one_cm":2562,"minecraft:fall_one_cm":5400},"minecraft:crafted":{"minecraft:leather_leggings":1,"minecraft:leather_boots":1,"minecraft:leather_chestplate":1},"minecraft:killed":{"minecraft:slime":18,"minecraft:chicken":3,"minecraft:enderman":5},"minecraft:dropped":{"minecraft:barrier":40,"minecraft:comparator":1,"minecraft:command_block":3,"minecraft:carrot_on_a_stick":21,"minecraft:item_frame":1,"minecraft:filled_map":3,"minecraft:stone":88,"minecraft:white_concrete":4,"minecraft:redstone_block":1}},"DataVersion":2586}