{"stats":{"minecraft:used":{"minecraft:water_bucket":13,"minecraft:blue_terracotta":4,"minecraft:orange_concrete":9,"minecraft:lodestone":1,"minecraft:dropper":3,"minecraft:armor_stand":14,"minecraft:chorus_fruit":7,"minecraft:redstone":63,"minecraft:carrot_on_a_stick":795,"minecraft:lime_wool":2,"minecraft:oak_sign":9,"minecraft:white_terracotta":6,"minecraft:stone":32,"minecraft:brown_concrete":2,"minecraft:redstone_block":386,"minecraft:player_head":3,"minecraft:structure_block":1,"minecraft:green_terracotta":9,"minecraft:pink_concrete":7,"minecraft:dirt":25,"minecraft:comparator":57,"minecraft:yellow_concrete":32,"minecraft:blue_ice":6,"minecraft:redstone_torch":59,"minecraft:lever":4,"minecraft:glass":21,"minecraft:brown_terracotta":4,"minecraft:piston":10,"minecraft:green_concrete":1,"minecraft:black_wool":1,"minecraft:sea_lantern":17,"minecraft:black_concrete":226,"minecraft:command_block":472,"minecraft:red_wool":6,"minecraft:grass_block":205,"minecraft:barrier":45,"minecraft:oak_button":2,"minecraft:stone_button":8,"minecraft:cyan_concrete":18,"minecraft:oak_pressure_plate":10,"minecraft:dark_oak_button":5,"minecraft:yellow_wool":9,"minecraft:item_frame":214,"minecraft:bedrock":3,"minecraft:light_gray_wool":33,"minecraft:purple_concrete":16,"minecraft:glowstone":7,"minecraft:repeater":79,"minecraft:bucket":3,"minecraft:chain_command_block":266,"minecraft:repeating_command_block":90,"minecraft:crimson_pressure_plate":3,"minecraft:stone_pressure_plate":56,"minecraft:white_concrete":168,"minecraft:warped_button":1},"minecraft:picked_up":{"minecraft:wooden_axe":1,"minecraft:barrier":73,"minecraft:repeater":2,"minecraft:redstone_block":3,"minecraft:yellow_wool":1,"minecraft:carrot_on_a_stick":5,"minecraft:filled_map":11,"minecraft:acacia_button":1,"minecraft:wither_skeleton_skull":64,"minecraft:dirt":16,"minecraft:item_frame":9,"minecraft:oak_sign":1,"minecraft:comparator":1,"minecraft:redstone_torch":2,"minecraft:piston":1,"minecraft:stone":16,"minecraft:stone_button":2,"minecraft:grass_block":1,"minecraft:redstone":4,"minecraft:sea_lantern":1,"minecraft:green_terracotta":1,"minecraft:stone_pressure_plate":1,"minecraft:command_block":9,"minecraft:black_concrete":2,"minecraft:lever":1,"minecraft:white_concrete":1},"minecraft:custom":{"minecraft:inspect_dropper":11,"minecraft:play_one_minute":2007671,"minecraft:leave_game":47,"minecraft:time_since_death":960917,"minecraft:time_since_rest":960937,"minecraft:damage_taken":60310,"minecraft:sprint_one_cm":321472,"minecraft:walk_one_cm":1057268,"minecraft:drop":394,"minecraft:damage_dealt":10,"minecraft:fly_one_cm":7240558,"minecraft:crouch_one_cm":40173,"minecraft:sneak_time":44422,"minecraft:deaths":5,"minecraft:jump":6990,"minecraft:walk_on_water_one_cm":3976,"minecraft:fall_one_cm":600282},"minecraft:killed_by":{"minecraft:slime":1},"minecraft:dropped":{"minecraft:compass":1,"minecraft:barrier":360,"minecraft:command_block":3,"minecraft:carrot_on_a_stick":8,"minecraft:grass_block":1,"minecraft:item_frame":2,"minecraft:sea_lantern":1,"minecraft:stone":139,"minecraft:wooden_axe":1,"minecraft:black_concrete":2,"minecraft:redstone_block":1,"minecraft:redstone":1}},"DataVersion":2586}