{
	"credit": "Made with Blockbench",
	"texture_size": [56, 42],
	"textures": {
		"0": "zar/zar",
		"particle": "zar/zar"
	},
	"elements": [
		{
			"from": [1, 0, 1],
			"to": [15, 16, 15],
			"faces": {
				"north": {"uv": [8.57143, 10.28571, 11.42857, 10.66667], "texture": "#0"},
				"east": {"uv": [4.28571, 5.71429, 8, 6.85714], "texture": "#0"},
				"south": {"uv": [0, 9.52381, 3.42857, 10.28571], "texture": "#0"},
				"west": {"uv": [0, 6.09524, 3.42857, 6.47619], "texture": "#0"},
				"up": {"uv": [12, 5.33333, 16, 10.57143], "texture": "#0"},
				"down": {"uv": [4, 5.33333, 8, 10.57143], "texture": "#0"}
			}
		},
		{
			"from": [0, 1, 1],
			"to": [1, 15, 15],
			"faces": {
				"north": {"uv": [7.42857, 5.80952, 7.85714, 8.7619], "texture": "#0"},
				"east": {"uv": [9.14286, 13.33333, 10.57143, 12.09524], "texture": "#0"},
				"south": {"uv": [0, 5.71429, 1, 9.80952], "texture": "#0"},
				"west": {"uv": [8, 5.14286, 12, 10.66667], "texture": "#0"},
				"up": {"uv": [0, 6.09524, 1, 9.42857], "texture": "#0"},
				"down": {"uv": [3.42857, 6.57143, 4.14286, 9.90476], "texture": "#0"}
			}
		},
		{
			"from": [15, 1, 1],
			"to": [16, 15, 15],
			"faces": {
				"north": {"uv": [0, 6.47619, 1, 9.80952], "texture": "#0"},
				"east": {"uv": [8, 5.42857, 12, 0], "texture": "#0"},
				"south": {"uv": [3.14286, 5.33333, 3.85714, 10.19048], "texture": "#0"},
				"west": {"uv": [2.57143, 6.09524, 4.28571, 9.42857], "texture": "#0"},
				"up": {"uv": [0, 5.33333, 0.71429, 9.80952], "texture": "#0"},
				"down": {"uv": [4, 6.19048, 3.28571, 10.28571], "texture": "#0"}
			}
		},
		{
			"from": [1, 1, 0],
			"to": [15, 15, 1],
			"faces": {
				"north": {"uv": [8, 10.7619, 12, 16], "rotation": 180, "texture": "#0"},
				"east": {"uv": [0, 6.47619, 0.71429, 9.80952], "texture": "#0"},
				"south": {"uv": [2.57143, 9.61905, 6.85714, 10.28571], "rotation": 180, "texture": "#0"},
				"west": {"uv": [0, 6.09524, 1, 9.42857], "texture": "#0"},
				"up": {"uv": [0, 9.14286, 6.57143, 9.7619], "texture": "#0"},
				"down": {"uv": [0, 9.14286, 4.28571, 10.14286], "texture": "#0"}
			}
		},
		{
			"from": [1, 1, 15],
			"to": [15, 15, 16],
			"faces": {
				"north": {"uv": [9.71429, 11.14286, 10.28571, 15.2381], "texture": "#0"},
				"east": {"uv": [0, 6.47619, 1, 10.19048], "texture": "#0"},
				"south": {"uv": [0, 5.42857, 4, 10.66667], "texture": "#0"},
				"west": {"uv": [7.42857, 9.90476, 5, 9.42857], "texture": "#0"},
				"up": {"uv": [5.14286, 9.52381, 7.89286, 9.14286], "rotation": 90, "texture": "#0"},
				"down": {"uv": [1.71429, 5.71429, 3.42857, 6.33333], "texture": "#0"}
			}
		}
	],
	"display": {
		"thirdperson_righthand": {
			"translation": [0, -2, -2],
			"scale": [0.26, 0.26, 0.26]
		},
		"thirdperson_lefthand": {
			"translation": [0, -2, -2],
			"scale": [0.26, 0.26, 0.26]
		},
		"firstperson_righthand": {
			"translation": [-2.5, 4.5, 5.75],
			"scale": [0.2, 0.2, 0.2]
		},
		"firstperson_lefthand": {
			"translation": [-2.5, 4.5, 5.75],
			"scale": [0.2, 0.2, 0.2]
		},
		"ground": {
			"scale": [0.26, 0.26, 0.26]
		},
		"gui": {
			"rotation": [25, 35, 0],
			"scale": [0.41, 0.41, 0.41]
		},
		"head": {
			"scale": [0.92, 0.92, 0.92]
		},
		"fixed": {
			"scale": [0.56, 0.56, 0.56]
		}
	}
}